{
  "condition": "problem1_3bit_pop50_t5",
  "n_runs": 10,
  "best_of_run_mean": 12.4,
  "best_of_run_std": 6.915361322607968,
  "final_best_mean": 12.2,
  "final_best_std": 6.696599468718765,
  "mean_execute_calls_per_generation": 40.392156862745104,
  "mean_execute_calls_nominal_per_generation": 100.0,
  "execute_call_reduction_ratio": 0.5960784313725489,
  "mean_duplicate_ratio_per_generation": 0.5960784313725491
}