{
  "condition": "pc0.30_pmop0.20_pbf0.50",
  "n_runs": 3,
  "best_of_run_mean": 23.333333333333332,
  "best_of_run_std": 3.0550504633038935,
  "final_best_mean": 23.0,
  "final_best_std": 2.6457513110645907,
  "ideal_found_fraction": 0.0,
  "first_ideal_generation_mean": null
}