{
  "condition": "15bit_L30_soft15max",
  "n_runs": 10,
  "best_of_run_mean": 11.726666666666668,
  "best_of_run_std": 0.17971170328138444,
  "final_best_mean": 11.723333333333334,
  "final_best_std": 0.17359666606572802,
  "ideal_found_fraction": 0.0,
  "first_ideal_generation_mean": null
}