{
  "condition": "15bit_L30_soft15trap_int",
  "n_runs": 10,
  "best_of_run_mean": 10.433333333333334,
  "best_of_run_std": 0.14740554623801766,
  "final_best_mean": 10.423333333333336,
  "final_best_std": 0.15559523303498032,
  "ideal_found_fraction": 0.0,
  "first_ideal_generation_mean": null
}