{
  "condition": "15bit_L30_trap",
  "n_runs": 10,
  "best_of_run_mean": 20.606666666666673,
  "best_of_run_std": 0.30053450326763004,
  "final_best_mean": 20.586666666666673,
  "final_best_std": 0.3059895907210391,
  "ideal_found_fraction": 0.0,
  "first_ideal_generation_mean": null
}