{
  "condition": "onemax_L100",
  "n_runs": 10,
  "best_of_run_mean": 99.9,
  "best_of_run_std": 0.316227766016838,
  "final_best_mean": 99.9,
  "final_best_std": 0.316227766016838,
  "ideal_found_fraction": 0.9,
  "first_ideal_generation_mean": 43.666666666666664
}