{
  "condition": "15bit_L30_soft15max",
  "n_runs": 10,
  "best_of_run_mean": 11.456666666666667,
  "best_of_run_std": 0.12962433851635405,
  "final_best_mean": 11.45,
  "final_best_std": 0.1307622477326642,
  "ideal_found_fraction": 0.0,
  "first_ideal_generation_mean": null
}