{
  "condition": "problem1_3bit_pop50_t2",
  "n_runs": 10,
  "best_of_run_mean": 14.2,
  "best_of_run_std": 9.68159766429763,
  "final_best_mean": 12.4,
  "final_best_std": 9.276014469827246,
  "mean_execute_calls_per_generation": 60.72941176470588,
  "mean_execute_calls_nominal_per_generation": 100.0,
  "execute_call_reduction_ratio": 0.39270588235294124,
  "mean_duplicate_ratio_per_generation": 0.3927058823529411
}