{
  "condition": "4bit_L30_soft15max",
  "n_runs": 10,
  "best_of_run_mean": 14.743333333333334,
  "best_of_run_std": 0.06295206877429076,
  "final_best_mean": 14.74,
  "final_best_std": 0.06245986365580141,
  "ideal_found_fraction": 0.0,
  "first_ideal_generation_mean": null
}