{
  "condition": "pc0.30_pmop0.05_pbf1.50",
  "n_runs": 3,
  "best_of_run_mean": 25.666666666666668,
  "best_of_run_std": 2.5166114784235836,
  "final_best_mean": 25.666666666666668,
  "final_best_std": 2.5166114784235836,
  "ideal_found_fraction": 0.0,
  "first_ideal_generation_mean": null
}