{
  "condition": "problem2_3bit_pop100_t3",
  "n_runs": 10,
  "best_of_run_mean": -81.22116000000003,
  "best_of_run_std": 32.80212131709913,
  "final_best_mean": -84.11979200000002,
  "final_best_std": 32.66057009763466,
  "mean_execute_calls_per_generation": 1018.2529411764706,
  "mean_execute_calls_nominal_per_generation": 2100.0,
  "execute_call_reduction_ratio": 0.5151176470588235,
  "mean_duplicate_ratio_per_generation": 0.5151176470588235,
  "ideal_found_fraction": 0.0,
  "first_ideal_generation_mean": null
}