{
  "condition": "15bit_L30_soft15trap_int",
  "n_runs": 10,
  "best_of_run_mean": 10.756666666666664,
  "best_of_run_std": 0.16558910920232595,
  "final_best_mean": 10.753333333333332,
  "final_best_std": 0.17155785836105605,
  "ideal_found_fraction": 0.0,
  "first_ideal_generation_mean": null
}