{
  "condition": "pc0.10_pmop0.10_pbf1.00",
  "n_runs": 3,
  "best_of_run_mean": 28.333333333333332,
  "best_of_run_std": 2.081665999466133,
  "final_best_mean": 28.333333333333332,
  "final_best_std": 2.081665999466133,
  "ideal_found_fraction": 0.3333333333333333,
  "first_ideal_generation_mean": 50.0
}