run,best_of_run_fitness,generation_of_best
0,-65.16352000000002,49
1,-91.14016000000002,50
2,-51.066400000000016,48
3,-74.54352000000003,49
4,-69.93248000000003,32
