{
  "condition": "3bit_problem2",
  "n_runs": 5,
  "best_of_run_mean": -70.36921600000002,
  "best_of_run_std": 14.566619745530536,
  "final_best_mean": -70.36921600000002,
  "final_best_std": 14.566619745530536,
  "mean_execute_calls_per_generation": 4342.552941176471,
  "mean_execute_calls_nominal_per_generation": 6300.0,
  "execute_call_reduction_ratio": 0.31070588235294117,
  "mean_duplicate_ratio_per_generation": 0.31070588235294117,
  "ideal_found_fraction": 0.0,
  "first_ideal_generation_mean": null
}