{
  "condition": "problem1_3bit_pop100_t3",
  "n_runs": 10,
  "best_of_run_mean": 19.4,
  "best_of_run_std": 16.249444434947442,
  "final_best_mean": 19.2,
  "final_best_std": 16.362558887085275,
  "mean_execute_calls_per_generation": 102.81176470588234,
  "mean_execute_calls_nominal_per_generation": 200.0,
  "execute_call_reduction_ratio": 0.4859411764705883,
  "mean_duplicate_ratio_per_generation": 0.4859411764705882
}