{
  "condition": "problem1_3bit_pop200_t5",
  "n_runs": 10,
  "best_of_run_mean": 35.8,
  "best_of_run_std": 17.34486795696192,
  "final_best_mean": 35.8,
  "final_best_std": 17.34486795696192,
  "mean_execute_calls_per_generation": 107.74509803921569,
  "mean_execute_calls_nominal_per_generation": 400.0,
  "execute_call_reduction_ratio": 0.7306372549019609,
  "mean_duplicate_ratio_per_generation": 0.7306372549019609
}