{
  "condition": "4bit_L30_soft15trap_int",
  "n_runs": 10,
  "best_of_run_mean": 14.370000000000001,
  "best_of_run_std": 0.12516655570345717,
  "final_best_mean": 14.370000000000001,
  "final_best_std": 0.12516655570345717,
  "ideal_found_fraction": 0.0,
  "first_ideal_generation_mean": null
}