{
  "condition": "4bit_L10_15max",
  "n_runs": 10,
  "best_of_run_mean": 9.9,
  "best_of_run_std": 0.3162277660168379,
  "final_best_mean": 9.9,
  "final_best_std": 0.3162277660168379,
  "ideal_found_fraction": 0.9,
  "first_ideal_generation_mean": 17.22222222222222
}