{
  "condition": "4bit_L10_soft15trap_int",
  "n_runs": 10,
  "best_of_run_mean": 14.860000000000003,
  "best_of_run_std": 0.08432740427115684,
  "final_best_mean": 14.860000000000003,
  "final_best_std": 0.08432740427115684,
  "ideal_found_fraction": 0.1,
  "first_ideal_generation_mean": 32.0
}