{
  "condition": "pc0.30_pmop0.10_pbf0.50",
  "n_runs": 3,
  "best_of_run_mean": 22.666666666666668,
  "best_of_run_std": 2.081665999466133,
  "final_best_mean": 22.666666666666668,
  "final_best_std": 2.081665999466133,
  "ideal_found_fraction": 0.0,
  "first_ideal_generation_mean": null
}