{
  "condition": "7bit_problem1",
  "n_runs": 10,
  "best_of_run_mean": 38.6,
  "best_of_run_std": 24.676574586707396,
  "final_best_mean": 36.6,
  "final_best_std": 25.369272752682527,
  "mean_execute_calls_per_generation": 266.36470588235295,
  "mean_execute_calls_nominal_per_generation": 400.0,
  "execute_call_reduction_ratio": 0.3340882352941176,
  "mean_duplicate_ratio_per_generation": 0.33408823529411763
}