{
  "condition": "3bit_problem1",
  "n_runs": 5,
  "best_of_run_mean": 32.0,
  "best_of_run_std": 11.575836902790225,
  "final_best_mean": 31.2,
  "final_best_std": 11.009087155618309,
  "mean_execute_calls_per_generation": 476.17254901960786,
  "mean_execute_calls_nominal_per_generation": 600.0,
  "execute_call_reduction_ratio": 0.20637908496732027,
  "mean_duplicate_ratio_per_generation": 0.2063790849673203
}