{
  "condition": "problem1_3bit_pop100_t5",
  "n_runs": 10,
  "best_of_run_mean": 16.2,
  "best_of_run_std": 7.627435858647241,
  "final_best_mean": 16.2,
  "final_best_std": 7.627435858647241,
  "mean_execute_calls_per_generation": 79.92549019607843,
  "mean_execute_calls_nominal_per_generation": 200.0,
  "execute_call_reduction_ratio": 0.6003725490196079,
  "mean_duplicate_ratio_per_generation": 0.6003725490196079
}