{
  "condition": "pc0.20_pmop0.05_pbf0.50",
  "n_runs": 3,
  "best_of_run_mean": 27.333333333333332,
  "best_of_run_std": 2.3094010767585034,
  "final_best_mean": 27.333333333333332,
  "final_best_std": 2.3094010767585034,
  "ideal_found_fraction": 0.3333333333333333,
  "first_ideal_generation_mean": 45.0
}