{
  "condition": "problem1_3bit_pop200_t2",
  "n_runs": 10,
  "best_of_run_mean": 23.0,
  "best_of_run_std": 9.486832980505138,
  "final_best_mean": 22.0,
  "final_best_std": 9.285592184789413,
  "mean_execute_calls_per_generation": 295.6823529411765,
  "mean_execute_calls_nominal_per_generation": 400.0,
  "execute_call_reduction_ratio": 0.26079411764705884,
  "mean_duplicate_ratio_per_generation": 0.26079411764705884
}