{
  "condition": "problem2_3bit_pop100_t5",
  "n_runs": 10,
  "best_of_run_mean": -84.66433600000002,
  "best_of_run_std": 11.824382042229713,
  "final_best_mean": -86.06796400000002,
  "final_best_std": 13.170279567604902,
  "mean_execute_calls_per_generation": 767.9823529411764,
  "mean_execute_calls_nominal_per_generation": 2100.0,
  "execute_call_reduction_ratio": 0.6342941176470589,
  "mean_duplicate_ratio_per_generation": 0.6342941176470588,
  "ideal_found_fraction": 0.0,
  "first_ideal_generation_mean": null
}