{
  "condition": "7bit_problem2",
  "n_runs": 10,
  "best_of_run_mean": -83.04852400000001,
  "best_of_run_std": 17.451623464310455,
  "final_best_mean": -84.73685200000003,
  "final_best_std": 17.246745590068613,
  "mean_execute_calls_per_generation": 2993.035294117647,
  "mean_execute_calls_nominal_per_generation": 4200.0,
  "execute_call_reduction_ratio": 0.28737254901960785,
  "mean_duplicate_ratio_per_generation": 0.28737254901960785,
  "ideal_found_fraction": 0.0,
  "first_ideal_generation_mean": null
}