{
  "condition": "problem2_3bit_pop50_t5",
  "n_runs": 10,
  "best_of_run_mean": -106.92540000000004,
  "best_of_run_std": 18.753872209136503,
  "final_best_mean": -106.92540000000004,
  "final_best_std": 18.753872209136503,
  "mean_execute_calls_per_generation": 440.71176470588233,
  "mean_execute_calls_nominal_per_generation": 1050.0,
  "execute_call_reduction_ratio": 0.5802745098039216,
  "mean_duplicate_ratio_per_generation": 0.5802745098039216,
  "ideal_found_fraction": 0.0,
  "first_ideal_generation_mean": null
}