run,best_of_run_fitness,generation_of_best
0,-100.13300000000001,16
1,-74.23764000000003,50
2,-32.231,40
3,-84.16020000000003,34
4,-33.214200000000005,45
