{
  "condition": "7bit_problem2",
  "n_runs": 5,
  "best_of_run_mean": -64.79520800000002,
  "best_of_run_std": 30.703052330482073,
  "final_best_mean": -64.79520800000002,
  "final_best_std": 30.703052330482077,
  "mean_execute_calls_per_generation": 4888.8,
  "mean_execute_calls_nominal_per_generation": 6300.0,
  "execute_call_reduction_ratio": 0.22399999999999998,
  "mean_duplicate_ratio_per_generation": 0.22399999999999998,
  "ideal_found_fraction": 0.0,
  "first_ideal_generation_mean": null
}