{
  "condition": "4bit_L30_soft15max",
  "n_runs": 10,
  "best_of_run_mean": 14.483333333333334,
  "best_of_run_std": 0.16424161665660508,
  "final_best_mean": 14.476666666666668,
  "final_best_std": 0.1678108870936579,
  "ideal_found_fraction": 0.0,
  "first_ideal_generation_mean": null
}