{
  "condition": "problem1_3bit_pop200_t3",
  "n_runs": 10,
  "best_of_run_mean": 34.4,
  "best_of_run_std": 21.76235281397671,
  "final_best_mean": 33.8,
  "final_best_std": 22.39940475399588,
  "mean_execute_calls_per_generation": 195.53333333333336,
  "mean_execute_calls_nominal_per_generation": 400.0,
  "execute_call_reduction_ratio": 0.5111666666666665,
  "mean_duplicate_ratio_per_generation": 0.5111666666666667
}