{
  "condition": "pc0.20_pmop0.05_pbf1.00",
  "n_runs": 3,
  "best_of_run_mean": 27.333333333333332,
  "best_of_run_std": 1.5275252316519468,
  "final_best_mean": 27.333333333333332,
  "final_best_std": 1.5275252316519468,
  "ideal_found_fraction": 0.0,
  "first_ideal_generation_mean": null
}