{
  "condition": "4bit_L30_soft15trap_int",
  "n_runs": 10,
  "best_of_run_mean": 14.179999999999998,
  "best_of_run_std": 0.1156836896428479,
  "final_best_mean": 14.176666666666666,
  "final_best_std": 0.11444983806060544,
  "ideal_found_fraction": 0.0,
  "first_ideal_generation_mean": null
}