{
  "condition": "15bit_L10_soft15trap_int",
  "n_runs": 10,
  "best_of_run_mean": 12.959999999999999,
  "best_of_run_std": 0.21186998109427607,
  "final_best_mean": 12.940000000000001,
  "final_best_std": 0.21705094128132948,
  "ideal_found_fraction": 0.0,
  "first_ideal_generation_mean": null
}