{
  "condition": "3bit_problem1",
  "n_runs": 10,
  "best_of_run_mean": 37.2,
  "best_of_run_std": 25.82333139709988,
  "final_best_mean": 35.8,
  "final_best_std": 25.724177991402044,
  "mean_execute_calls_per_generation": 266.57647058823534,
  "mean_execute_calls_nominal_per_generation": 400.0,
  "execute_call_reduction_ratio": 0.3335588235294117,
  "mean_duplicate_ratio_per_generation": 0.33355882352941174
}