{
  "condition": "pc0.10_pmop0.10_pbf1.50",
  "n_runs": 3,
  "best_of_run_mean": 28.666666666666668,
  "best_of_run_std": 0.5773502691896258,
  "final_best_mean": 28.666666666666668,
  "final_best_std": 0.5773502691896258,
  "ideal_found_fraction": 0.0,
  "first_ideal_generation_mean": null
}