{
  "condition": "problem1_3bit_pop50_t3",
  "n_runs": 10,
  "best_of_run_mean": 13.4,
  "best_of_run_std": 3.893013685508382,
  "final_best_mean": 13.4,
  "final_best_std": 3.893013685508382,
  "mean_execute_calls_per_generation": 45.14509803921569,
  "mean_execute_calls_nominal_per_generation": 100.0,
  "execute_call_reduction_ratio": 0.5485490196078431,
  "mean_duplicate_ratio_per_generation": 0.5485490196078431
}