{
  "condition": "pc0.10_pmop0.10_pbf1.00",
  "n_runs": 3,
  "best_of_run_mean": 25.666666666666668,
  "best_of_run_std": 1.1547005383792515,
  "final_best_mean": 25.333333333333332,
  "final_best_std": 1.5275252316519465,
  "ideal_found_fraction": 0.0,
  "first_ideal_generation_mean": null
}