{
  "condition": "pc0.20_pmop0.20_pbf0.50",
  "n_runs": 3,
  "best_of_run_mean": 24.666666666666668,
  "best_of_run_std": 1.1547005383792515,
  "final_best_mean": 24.666666666666668,
  "final_best_std": 1.1547005383792515,
  "ideal_found_fraction": 0.0,
  "first_ideal_generation_mean": null
}